Date,Type,Status,Title,Authors,Journal,DOI Link,PDF Link,Editors,Website,GitHub,OSF,categorization,fMRI,Added By,Note
,,,,,,,,,,,,,,,
2021-09-23,journal,published,Prelimbic cortex maintains attention to category-relevant information and flexibly updates category representations,"Broschard, M.B., Kim, J., Love, B.C., Wasserman, E.A., & Freeman, J.H.",Neurobiology of Learning and Memory,https://doi.org/10.1016/j.nlm.2021.107524,https://reader.elsevier.com/reader/sd/pii/S1074742721001465?token=87814BB5C42E1F6A4E02442A967FC549090F4467BE548189D85DFB007A5F71B11CD9E183B6E2BAFD8106C0F5E2F71CA4&originRegion=eu-west-1&originCreation=20210923212445,,,,,,,Brad,
,,,,,,,,,,,,,,,
,,,,,,,,,,,,,,,
2022-06-09,preprint,unpublished,A multi-level account of hippocampal function from behaviour to neurons,"Mok, R. & Love, B. C.",bioRxiv,https://doi.org/10.1101/2022.06.09.495367,https://www.biorxiv.org/content/10.1101/2022.06.09.495367v1.full.pdf,,,,,,,Brad,

2021-11-15,journal article,published,A Deep Learning Account of How Language Affects Thought,"Luo, X., Sexton, N. J. & Love, B. C.",Language Cognition & Neuroscience,https://www.tandfonline.com/doi/full/10.1080/23273798.2021.2001023,https://psyarxiv.com/9xwjh/download,,,https://github.com/don-tpanic/DeepLangThought,,,,Nick,
2022-06-05,journal article,published,Reassessing hierarchical correspondences between brain and deep networks through direct interface,"Sexton, N. J. & Love, B. C.",Reassessing hierarchical correspondences between brain and deep networks through direct interface. Science Advances,https://www.science.org/doi/10.1126/sciadv.abm2219,https://www.science.org/doi/epdf/10.1126/sciadv.abm2219,,,,,,Brad, 
2021-07-03,preprint,published,Directly interfacing brain and deep networks exposes non-hierarchical visual processing,"Sexton, N. J. & Love, B. C.",bioRxiv,https://www.biorxiv.org/content/10.1101/2021.06.28.450213v2.abstract,https://www.biorxiv.org/content/10.1101/2021.06.28.450213v2.full.pdf,,,,,,,Brad,
2021-12-03,preprint,unpublished,Human learning follows the dynamics of gradient descent,"Barry, D. N. & Love, B. C.",PsyArXiv,https://psyarxiv.com/75e4t/,https://psyarxiv.com/75e4t/download,,,,,,,Brad,
2022-01-27,preprint,published,A neural network account of memory replay and knowledge consolidation,"Barry, D. N. & Love, B. C.",Cerebral Cortex (in press),https://www.biorxiv.org/content/10.1101/2021.05.25.445587v1,https://www.biorxiv.org/content/10.1101/2021.05.25.445587v1.full.pdf,,,,,,,Brad,
2022-02-25,journal article,published,A neural network account of memory replay and knowledge consolidation,"Barry, D. N. & Love, B. C.",Cerebral Cortex,https://doi.org/10.1093/cercor/bhac054,https://academic.oup.com/cercor/advance-article-pdf/doi/10.1093/cercor/bhac054/42615840/bhac054.pdf,,,,,,,Brad,
2022-04-01,journal article,published,When unsupervised training benefits category learning,"Broker, F., Love, B. C. & Dayan, P.",Cognition ,https://doi.org/10.1016/j.cognition.2021.104984,https://www.sciencedirect.com/science/article/pii/S0010027721004078/pdfft?md5=f26cd3aaae4b443e8645528b71c41e46&pid=1-s2.0-S0010027721004078-main.pdf,,,,,,,Brad,
2021-10-28,preprint,published,When unsupervised training benefits category learning,"Broker, F., Love, B. C. & Dayan, P.",Cognition (in press),https://psyarxiv.com/k5pzu/,https://psyarxiv.com/k5pzu/download,,,,,,,Brad,
2021-02-15,preprint,published,A Too-Good-to-be-True Prior to Reduce Shortcut Reliance,"Dagaev, N., Roads, B. D., Luo, X., Barry, D.N., Patil, K.R. & Love, B. C.",arXiv,https://arxiv.org/abs/2102.06406,https://arxiv.org/pdf/2102.06406.pdf,,,,,,,Brad,
2022-12-21,journal,published,A Too-Good-to-be-True Prior to Reduce Shortcut Reliance,"Dagaev, N., Roads, B. D., Luo, X., Barry, D.N., Patil, K.R. & Love, B. C.",https://www.sciencedirect.com/science/article/abs/pii/S0167865522003841,https://arxiv.org/pdf/2102.06406.pdf,,,,,,,Brad,
2022-05-30,preprint,unpublished,System alignment supports cross-domain learning and zero-shot generalisation,"Aho, K., Roads, B. D. & Love, B. C.",Cognition (in press),https://psyarxiv.com/pm3ay,https://psyarxiv.com/pm3ay/download,,,,,,,Brad,
2005-01-10,book chapter,published,Modeling Learning Under the Influence of Culture,"Love, B. C. & Gureckis, T. M.",Categorization inside and outside the laboratory: Essays in honor of Douglas L. Medin,https://doi.org/10.1037/11156-013,http://bradlove.org/papers/LoveGureckis2005.pdf,"W.-k. Ahn, R. L. Goldstone, B. C. Love, A. B. Markman, & P. Wolff ",,,,,,Brad,
2020-11-23,journal,published,Abstract neural representations of category membership beyond information coding stimulus or response,"Mok, R. & Love, B. C.",Journal of Cognitive Neuroscience,https://doi.org/10.1162/jocn_a_01651,https://direct.mit.edu/jocn/article-pdf/doi/10.1162/jocn_a_01651/1888652/jocn_a_01651.pdf,,,,,,,Brad,
2008-10-15,journal article,published,Prediction Markets are only Human: Subadditivity in Probability Judgments,"Love, B. C.",Journal of Me,http://bradlove.org/papers/election.pdf,http://bradlove.org/papers/election.pdf,,,,,,,Brad,
2020-12-21,journal article,published,Similarity as a window on the dimensions of object representation,"Love, B. C. & Roads, B. D.",Trends in Cognitive Science (spotlight),https://www.sciencedirect.com/science/article/abs/pii/S1364661320303004?dgcid=author,http://bradlove.org/papers/allTics.pdf,,,,,,,Brad,
2020-11-22,preprint,published,Enriching ImageNet with Human Similarity Judgments and Psychological Embeddings,"Roads, B. D. & Love, B. C.",arXiv,https://arxiv.org/abs/2011.11015,https://arxiv.org/pdf/2011.11015.pdf,,,,,,,Brett,
,,,,,,,,,,,,,,,
2021-07-22,journal article,published,Enriching ImageNet with Human Similarity Judgments and Psychological Embeddings,"Roads, B. D. & Love, B. C.",Proceedings of the IEEE/CVF Conference on Computer Vision and Pattern Recognition (CVPR),,https://openaccess.thecvf.com/content/CVPR2021/papers/Roads_Enriching_ImageNet_With_Human_Similarity_Judgments_and_Psychological_Embeddings_CVPR_2021_paper.pdf,,,,,,,Brad,
,,,,,,,,,,,,,,,
2020-11-18,journal article,published,Measures of neural similarity,"Bobadilla-Suarez, S., Ahlheim, C., Mehrotra, A., Panos,  A., & Love, B. C.",Computational Brain & Behavior,https://doi.org/10.1007/s42113-019-00068-5,https://link.springer.com/content/pdf/10.1007/s42113-019-00068-5.pdf,,,https://github.com/bobaseb/neural_sim_measures,https://osf.io/5a6bd/,TRUE,TRUE,Seb,
2020-11-30,preprint,unpublished,Linking Models with Brain Measures,"Love, B. C.",OSF Preprints,https://osf.io/s92zy/,https://osf.io/s92zy/download,,,,,,,Brad,
2020-11-21,journal article,published,Subjective value and decision entropy are jointly encoded by aligned gradients across the human brain,"Bobadilla-Suarez, S., Guest, O. & Love, B. C.",Communications Biology,https://doi.org/10.1038/s42003-020-01315-3,https://www.nature.com/articles/s42003-020-01315-3.pdf,,,https://github.com/bobaseb/neural_link_SV_iDE,,,TRUE,Seb,
2021-10-29,preprint,published,Robust priors for regularized regression,"Bobadilla-Suarez, S., Jones, M. & Love, B. C.",Cognitive Psychology (in press),https://arxiv.org/abs/2010.02610,https://arxiv.org/pdf/2010.02610.pdf,,,,,,,Seb,
2022-02-01,jounral,published,Robust priors for regularized regression,"Bobadilla-Suarez, S., Jones, M. & Love, B. C.",Cognitive Psychology,https://doi.org/10.1016/j.cogpsych.2021.101444,https://www.sciencedirect.com/science/article/pii/S0010028521000670/pdfft?md5=3343e681f4ce683baa5edeecef4ae96f&pid=1-s2.0-S0010028521000670-main.pdf,,,,,,,Brad,
2020-05-01,journal article,published,Category learning in rodents using touchscreen-based tasks,"Broschard, M., Kim, J. Love, B.C., & Freeman, J.","Genes, Brain and Behavior",https://doi.org/10.1111/gbb.12665 , https://onlinelibrary.wiley.com/doi/epdf/10.1111/gbb.12665,,, ,,,,Brad,
2020-04-01,journal article,published,How Decisions and the Desire for Coherency Shape Subjective Preferences Over Time,"Hornsby, A. N. & Love, B. C.",Cognition,https://doi.org/10.1016/j.cognition.2020.104244 ,https://www.sciencedirect.com/science/article/pii/S0010027720300639#s0135,,,https://github.com/anhornsby/coherent-representations,,,,Brad,
2021-02-14,journal article,published,The Costs and Benefits of Goal-Directed Attention in Deep Convolutional Neural Networks,"Luo, X., Roads, B. D., & Love, B. C.",Computational Brain & Behavior,https://link.springer.com/article/10.1007%2Fs42113-021-00098-y,https://link.springer.com/content/pdf/10.1007/s42113-021-00098-y.pdf,,,,,,,Ken,
2020-02-25,preprint,published,Subjective value and decision entropy are jointly encoded by aligned gradients across the human brain,"Bobadilla-Suarez, S., Guest, O. & Love, B. C.",bioRxiv,https://doi.org/10.1101/2020.02.18.954362,https://www.biorxiv.org/content/10.1101/2020.02.18.954362v2.full.pdf,,,https://github.com/bobaseb/neural_link_SV_iDE,,,TRUE,Seb,
2020-01-17,journal article,published,Learning as the unsupervised alignment of conceptual systems,"Roads, B. D., & Love., B. C.",Nature Machine Intelligence,https://doi.org/10.1038/s42256-019-0132-2,https://arxiv.org/pdf/1906.09012.pdf,,,,,,,Nick,
2020-01-07,journal article,published,Ventromedial prefrontal cortex compression during concept learning,"Mack, M. L., Preston, A. R., & Love, B. C.",Nature Communications,https://doi.org/10.1038/s41467-019-13930-8,https://www.nature.com/articles/s41467-019-13930-8.pdf,,,,,,,Brad,
2020-04-01,journal article,published,Model-based fMRI Analysis of Memory,"Love, B. C.",Current Opinion in Behavioral Sciences,https://doi.org/10.1016/j.cobeha.2020.02.012,https://www.bradlove.org/papers/Love2020a.pdf,,,,,,,Brad,
2019-12-12,journal article,published,A non-spatial account of place and grid cells based on clustering models of concept learning,"Mok, R. & Love, B. C.",Nature Communications,https://doi.org/10.1038/s41467-019-13760-8,https://www.nature.com/articles/s41467-019-13760-8.pdf,,,,,,,Brad,
2020-05-06,preprint,published,Levels of Biological Plausibility,"Love, B. C.",Philosophical Transactions of the Royal Society B (10.1098/rstb.2019.0632),https://psyarxiv.com/49vea,https://psyarxiv.com/49vea/download,,,,,,,Brad,
2020-11-16,preprint,article,Levels of Biological Plausibility,"Love, B. C.",Philosophical Transactions of the Royal Society B,https://doi.org/10.1098/rstb.2019.0632,https://royalsocietypublishing.org/doi/pdf/10.1098/rstb.2019.0632,,,,,,,Brad,
2020-05-15,journal article,published,Variability in the analysis of a single neuroimaging dataset by many teams,"Botvinik-Nezer,  R.,  Holzmeister,  F.,  Camerer,  C. F.,  Dreber,  A.,  Huber,  J.,  Johannesson,  M.,  . . .  Schonberg,  T.",Nature,https://doi.org/10.1038/s41586-020-2314-9,https://www.nature.com/articles/s41586-020-2314-9,,https://www.narps.info/,https://github.com/poldrack/narps,,,,Seb,
2018-11-14,journal article,published,Dynamic integration of conceptual information during learning,"Inhoff, M.C., Libby, L.A., Noguchi, T., Love, B. C., & Ranganath C.",PLOS ONE,https://doi.org/10.1371/journal.pone.0207357,https://journals.plos.org/plosone/article/file?id=10.1371/journal.pone.0207357&type=printable,,,,,,,Nick,
2019-10-07,journal article,published,Conceptual Organization is Revealed by Consumer Activity Patterns,"Hornsby, A. N., Evans, T., Riefer, P. S., Prior, R., & Love, B. C.",Computational Brain & Behavior,https://doi.org/10.1007/s42113-019-00064-9,https://link.springer.com/content/pdf/10.1007%2Fs42113-019-00064-9.pdf,,,,,,,Nick,
2015-03-30,journal article,published,The Algorithmic Level Is the Bridge Between Computation and Brain,"Love, B. C.",Topics in Cognitive Science,https://doi.org/10.1111/tops.12131,https://onlinelibrary.wiley.com/doi/epdf/10.1111/tops.12131,,,,,,,Nick,
2019-08-13,journal article,published,Gerrymandering and computational redistricting,"Guest, O., Kanayet, F.J., & Love, B. C.",Journal of Computational Social Science,https://doi.org/10.1007/s42001-019-00053-9,https://link.springer.com/content/pdf/10.1007%2Fs42001-019-00053-9.pdf,,http://redistrict.science/,https://github.com/oliviaguest/redistrict/,https://osf.io/5fepu/,,,Nick,
2018-11-21,journal article,published,Selective attention in rat visual category learning,"Broschard, M., Kim, J., Love, B.C., Wasserman, E.A., Freeman, J.H.",Learning & Memory,https://doi.org/10.1101/lm.048942.118,http://learnmem.cshlp.org/content/26/3/84.full.pdf,,,,,,,Nick,
,,,,,,,,,,,,,,,
2008-11-01,journal article,published,Beyond common features: The role of roles in determining similarity,"Jones, M., & Love, B. C.",Cognitive Psychology,https://dx.doi.org/10.1016%2Fj.cogpsych.2006.09.004,https://www.ncbi.nlm.nih.gov/pmc/articles/PMC2096740/pdf/nihms34126.pdf,,,,,,,Brad,
,,,,,,,,,,,,,,,
2019-06-24,journal article,published,"Structured, uncertainty-driven exploration in real-world consumer choice","Schulz, E., Bhui, R., Love, B.C., Brier, B., Todd, M.T., Gershman, S.J.",Proceedings of the National Academy of Sciences (PNAS),https://doi.org/10.1073/pnas.1821028116,https://www.pnas.org/content/pnas/early/2019/06/21/1821028116.full.pdf,,,,,,,Nick,
2019-06-10,preprint,published,How Decisions and the Desire for Coherency Shape Subjective Preferences Over Time,"Hornsby, A. N. & Love, B. C.",PsyArXiv,https://doi.org/10.31234/osf.io/nvpe9 ,https://psyarxiv.com/nvpe9/,,,https://github.com/anhornsby/coherent-representations,,,,Nick,
2022-01-02,preprint,published,Sequential consumer choice as multi-cued retrieval,"Hornsby, A. N. & Love, B. C.",Science Advances (in press),https://doi.org/10.31234/osf.io/cx9r4,https://psyarxiv.com/cx9r4/download,,,,,,,Brad,

2022-01-02,journal article,published,Sequential consumer choice as multi-cued retrieval,"Hornsby, A. N. & Love, B. C.",Science Advances,https://doi.org/10.1126/sciadv.abl9754,https://www.science.org/doi/reader/10.1126/sciadv.abl9754,,,,,,,Brad,


2019-11-15,preprint,published,Learning as the Unsupervised Alignment of Conceptual Systems,"Roads, B. D. & Love, B. C.",arXiv (in press Nature Machine Intelligence),,https://arxiv.org/abs/1906.09012,,,,,,,Nick,
2019-01-01,journal article,published,"Model comparison, not model falsification","Love, B. C.",Behavioral and Brain Sciences,https://doi.org/10.1017/S0140525X18001516,http://bradlove.org/papers/commentaryLove2019.pdf,,,,,,,,"commentary on <a href=""https://doi.org/10.1017/S0140525X18000936"">Rahnev & Denison</a>"
2019-03-12,popular science,published,Do supermarkets know more about us than we do?,"Love, B. C.",BBC Business,https://www.bbc.co.uk/news/business-47357292,,,,,,,,Olivia,
2019-10-22,journal article,published,The importance of standards for sharing of computational models and data,"Poldrack, R., ....",Computational Brain & Behavior volume ,https://link.springer.com/article/10.1007/s42113-019-00062-x,https://link.springer.com/article/10.1007/s42113-019-00062-x,,,,,,,Brad,
2019-05-22,preprint,published,The importance of standards for sharing of computational models and data,"Poldrack, R., Feingold, F., Frank, M., Gleeson, P., de Hollander, G., Huys, Q. J., ... & Turner, B. ",PsyArXiv,https://doi.org/10.31234/osf.io/q3rnx,https://psyarxiv.com/q3rnx/download,,,,,,,Olivia,
2019-05-04,preprint,unpublished,Levels of Representation in a Deep Learning Model of Categorization,"Guest, O. & Love, B. C.",bioRxiv,https://doi.org/10.1101/626374,https://www.biorxiv.org/content/biorxiv/early/2019/05/03/626374.full-text.pdf,,,https://github.com/oliviaguest/levels-of-representation-in-a-deep-learning-model-of-categorization,https://osf.io/jxavn,TRUE,,Olivia,
2021-02-05,preprint,published,Bidirectional Influences of Information-Sampling and Concept Learning,"Braunlich, K. & Love, B. C.",Psychological Review (in press),https://doi.org/10.31234/osf.io/48ept,https://psyarxiv.com/48ept/download,,,,,,,Brad,
2021-07-19,journal article,published,Bidirectional Influences of Information-Sampling and Concept Learning,"Braunlich, K. & Love, B. C.",Psychological Review,https://doi.org/10.1037/rev0000287,https://psycnet.apa.org/fulltext/2021-62589-001.pdf,,,,,,,Brad,
2018-12-14,preprint,published,Exploration in the wild,"Schulz, E., Bhui, R., Love, B.C., Brier, B., Todd, M.T., Gershman, S.J.",bioRxiv,https://doi.org/10.1101/492058,https://www.biorxiv.org/content/early/2018/12/14/492058.full.pdf,,,,,,,Olivia,
2018-10-22,preprint,published,Conceptual Organization is Revealed by Consumer Activity Patterns,"Hornsby, A. N., Evans, T., Riefer, P. S., Prior, R., & Love, B. C.",arXiv (in press_Computational Brain & Behavior) ,https://arxiv.org/abs/1810.08577,https://arxiv.org/pdf/1810.08577.pdf,,,,,,,Olivia,
2019-10-05,preprint,published,Measures of neural similarity,"Bobadilla-Suarez, S., Ahlheim, C., Mehrotra, A., Panos,  A., & Love, B. C.",bioRxiv (revised version -in press-  Computational Brain & Behavior),https://doi.org/10.1101/439893,https://www.biorxiv.org/content/early/2018/10/12/439893.full.pdf,,,,,,,Olivia,
2019-10-13,preprint,published,A non-spatial account of place and grid cells based on clustering models of concept learning,"Mok, R. & Love, B. C.",bioRxiv (revised version -in press- Nature Communications),https://doi.org/10.1101/421842,https://www.biorxiv.org/content/early/2018/09/19/421842.1.full.pdf,,,,,,,Olivia,
2020-02-14,preprint,published,Abstract neural representations of category membership beyond information coding stimulus or response,"Mok, R. & Love, B. C.",bioRxiv,https://doi.org/10.1101/2020.02.13.947341 ,https://www.biorxiv.org/content/10.1101/2020.02.13.947341v1.full.pdf,,,,,,,Brad,
2018-11-01,journal article,published,Occipitotemporal Representations Reflect Individual Differences in Conceptual Knowledge,"Braunlich, K. & Love, B. C.",Journal of Experimental Psychology: General,http://psycnet.apa.org/doi/10.1037/xge0000501,http://psycnet.apa.org/fulltext/2018-54995-001.pdf,,,,,,,Olivia,
2017-11-30,journal article,published,Heuristics as Bayesian inference under extreme priors,"Parpart, P., Jones, M., & Love, B. C.",Cognitive Psychology,https://doi.org/10.1016/j.cogpsych.2017.11.006,https://www.sciencedirect.com/science/article/pii/S0010028517303286/pdfft?md5=893823b5c320d4e1140e17f74d8d2bd8&pid=1-s2.0-S0010028517303286-main.pdf,,,,,,,Olivia,
2018-08-02,preprint,published,Occipitotemporal Representations Reflect Individual Differences in Conceptual Knowledge,"Braunlich, K. & Love, B. C.",bioRxiv,https://doi.org/10.1101/264895,https://www.biorxiv.org/content/early/2018/08/02/264895.full.pdf,,,,,,,Olivia,
2018-03-12,preprint,published,Dynamic integration of conceptual information during learning,"Inhoff, M.C., Libby, L.A., Noguchi, T., Love, B. C., & Ranganath C.",bioRxiv,https://doi.org/10.1101/280362,https://www.biorxiv.org/content/early/2018/03/12/280362.full.pdf,,,,,,,Olivia,
2018-01-11,journal article,published,Estimating the functional dimensionality of neural representations,"Ahlheim, C. & Love, B. C.",NeuroImage,https://doi.org/10.1016/j.neuroimage.2018.06.015,https://www.sciencedirect.com/science/article/pii/S1053811918305226/pdfft?md5=56d170ba3b53f63db686a942759d6317&pid=1-s2.0-S1053811918305226-main.pdf,,,https://github.com/lovelabUCL/dimensionality,https://osf.io/tpq92/,,TRUE,Olivia,
2018-01-01,journal article,published,"Fast or Frugal, but not both: Decision Heuristics under Time Pressure","Bobadilla-Suarez, S. & Love, B. C.","Journal of Experimental Psychology: Learning, Memory, and Cognition",https://doi.org/10.1037/xlm0000419,http://bradlove.org/papers/SuarezLove2017.pdf,,,,https://osf.io/xnbz4/,,,Olivia,
2017-11-13,preprint,published,Gerrymandering and computational redistricting,"Guest, O., Kanayet, F.J., & Love, B. C.",arXiv,https://arxiv.org/abs/1711.04640,https://arxiv.org/pdf/1711.04640.pdf,,http://redistrict.science/,https://github.com/oliviaguest/redistrict/,https://osf.io/5fepu/,,,Olivia,
2019-10-9,preprint,published,Ventromedial prefrontal cortex compression during concept learning,"Mack, M. L., Preston, A. R., & Love, B. C.",bioRxiv (revised version -in press- Nature Communications),https://doi.org/10.1101/178145,https://www.biorxiv.org/content/early/2017/08/23/178145.full.pdf,,,,,,,Olivia,
2017-07-02,preprint,published,Heuristics as Bayesian inference under extreme priors,"Parpart, P., Jones, M., & Love, B. C.",PsyArXiv,https://dx.doi.org/10.31234/osf.io/qkbt5,https://osf.io/d7kb9/?action=download,,,,,,,Olivia,
2017-06-21,journal article,published,Medial prefrontal cortex compresses concept representations through learning,"Mack, M. L., Preston, A. R., & Love, B. C.",Pattern Recognition in Neuroimaging,https://doi.org/10.1109/PRNI.2017.7981500,http://bradlove.org/papers/MackPrestonLove2017.pdf,,,,,TRUE,,Olivia,
2017-06-21,journal article,published,Social Information is Integrated into Value and Confidence Judgments According to its Reliability,"De Martino, B.,  Bobadilla-Suarez, S.,  Nouguchi, T.,  Sharot, T., &  Love, B. C.",Journal of Neuroscience,https://doi.org/10.1523/JNEUROSCI.3880-16.2017,http://bradlove.org/papers/DeMartioEtal2017.pdf,,,,,,,Olivia,
2017-04-18,journal article,published,Building concepts one episode at a time: The hippocampus and concept formation,"Mack, M. L., Love, B. C., & Preston, A. R.",Neuroscience Letters,https://doi.org/10.1016/j.neulet.2017.07.061,http://bradlove.org/papers/mack_etal_manuscript_final_2017.pdf,,,,,,,Olivia,
2017-03-29,preprint,published,Estimating the functional dimensionality of neural representations,"Ahlheim, C. & Love, B. C.",bioRxiv,https://doi.org/10.1101/232454,https://www.biorxiv.org/content/early/2018/03/29/232454.full.pdf,,,https://github.com/lovelabUCL/dimensionality,,,,Olivia,
2017-01-31,journal article,published,Anterior Temporal Lobe Tracks the Formation of Prejudice,"Spiers, H.J., Love, B. C., Le Pelley, M. E., Gibb, C. E., & Murphy, R. A.",Journal of Cognitive Neuroscience,https://doi.org/10.1162/jocn_a_01056,http://bradlove.org/papers/SpiersEtAl2016.pdf,,,,,,,Olivia,
2017-01-19,journal article,published,What the Success of Brain Imaging Implies about the Neural Code,"Guest, O. & Love, B. C.",eLife,https://doi.org/10.7554/eLife.21397,https://elifesciences.org/download/aHR0cHM6Ly9jZG4uZWxpZmVzY2llbmNlcy5vcmcvYXJ0aWNsZXMvMjEzOTcvZWxpZmUtMjEzOTctdjEucGRm/elife-21397-v1.pdf?_hash=%2F11I2DAUsZRYlAXm8MwUVbMGJTmHZNPjRRchnqLuB7k%3D,,,https://github.com/oliviaguest/brain-imaging-and-the-neural-code,https://osf.io/v8baz/,,,Olivia,
2017-01-09,journal article,published,Coherency Maximizing Exploration in the Supermarket,"Riefer, P.S., Prior, R., Blair, N., Pavey, G., & Love, B. C.",Nature Human Behaviour,https://doi.org/10.1038/s41562-016-0017,http://bradlove.org/papers/NHB2016.pdf,,,,,,,Olivia,
2016-11-23,journal article,published,Model-based cognitive neuroscience,"Palmeri, T. J., Love, B. C., & Turner, B. M.",Journal of Mathematical Psychology,https://doi.org/10.1016/j.jmp.2016.10.010,http://bradlove.org/papers/PalmeriLoveTurner2017.pdf,,,,,,,Olivia,
2016-11-15,journal article,published,Dynamic updating of hippocampal object representations reflects new conceptual knowledge,"Mack, M. L., Love, B. C., & Preston, A. R.",Proceedings of the National Academy of Sciences (PNAS),https://doi.org/10.1073/pnas.1614048113,https://www.ncbi.nlm.nih.gov/pmc/articles/PMC5135299/pdf/pnas.201614048.pdf,,,,,,,Olivia,
2016-10-20,popular science,published,Will AI spell the end of humanity? The tech industry wants you to think so,"Love, B. C.",The Register and The Conversation,https://www.theregister.co.uk/2016/10/25/will_ai_spell_the_end_of_humanity_the_tech_industry_wants_you_to_think_so,https://theconversation.com/will-ai-spell-the-end-of-humanity-the-tech-industry-wants-you-to-think-so-67264,,,,,,,Olivia,
2016-09-09,preprint,published,What the Success of Brain Imaging Implies about the Neural Code,"Guest, O. & Love, B. C.",bioRxiv,https://doi.org/10.1101/071076,https://www.biorxiv.org/content/early/2016/09/09/071076.full.pdf,,,https://github.com/oliviaguest/brain-imaging-and-the-neural-code,https://osf.io/v8baz/,,,Olivia,
2016-03-03,journal article,published,Cognitive Models as Bridge between Brain and Behavior,"Love, B. C.",Trends in Cognitive Science,https://doi.org/10.1016/j.tics.2016.02.006,http://bradlove.org/papers/love_2016.pdf,,,,,,,Olivia,
2016-03-01,journal article,published,"Exploratory Decision-Making as a Function of Lifelong Experience, not Cognitive Decline","Blanco, N. J., Love, B. C., Ramscar, M., Otto, A. R., Smayda, K., &  Maddox, W. T.",Journal of Experimental Psychology: General,https://doi.org/10.1037/xge0000133,https://www.ncbi.nlm.nih.gov/pmc/articles/PMC4755819/pdf/xge_145_3_284.pdf,,,,,,,Olivia,
2016-02-17,journal article,published,Approaches to analysis in model-based cognitive neuroscience,"Turner, B. M., Forstmann, B. U., Love, B. C., Palmeri, T. J., & Van Maanen, L.",Journal of Mathematical Psychology,https://doi.org/10.1016/j.jmp.2016.01.001,http://bradlove.org/papers/TurnerFrostmannLove2017.pdf,,,,,,,Olivia,
2015-09-09,journal article,published,Optimism Bias in Fans and Sports Reporters,"Love, B. C., Kopec, L., & Guest, O.",PLOS ONE,https://doi.org/10.1371/journal.pone.0137685,http://journals.plos.org/plosone/article/file?id=10.1371/journal.pone.0137685&type=printable,,,,https://osf.io/3xrfa/,,,Olivia,
2015-07-22,proceedings,published,Active learning as a means to distinguish among prominent decision strategies,"Parpart, P., Schulz, E., Speekenbrink, M., & Love, B. C.",Proceedings of the 37th Annual Meeting of the Cognitive Science Society,https://mindmodeling.org/cogsci2015/papers/0317/index.html,http://bradlove.org/papers/parpart_etal_2015.pdf,,,,,,,Olivia,
2015-07-08,journal article,published,Unfazed by Both the Bull and Bear: Strategic Exploration in Dynamic Environments,"Riefer, P.S. & Love, B. C.",Games,https://doi.org/10.3390/g6030251,http://bradlove.org/papers/RieferLove2015.pdf,,,,,,,Olivia,
2015-05-07,popular science,published,Gaming improves your brain power - reality or hype?,"Love, B. C.",The Conversation,https://theconversation.com/gaming-improves-your-brain-power-reality-or-hype-41002,,,,,,,,Olivia,
2015-04-17,book chapter,published,Computational Reinforcement Learning,"Gureckis, T. M. & Love, B. C.",Oxford Handbook of Computational and Mathematical Psychology,https://isbnsearch.org/isbn/9780199957996,http://bradlove.org/papers/GureckisLovePress.pdf,"J.R. Busemeyer, J.T. Townsend, Z.J. Wang, A Eidels",,,,,,Olivia,
2015-04-06,journal article,published,A Frontal Dopamine System for Reflective Exploratory Behavior,"Blanco, N. J., Love, B. C., Cooper, J.A., McGeary, J.E., Knopik, V.S., & Maddox, W. T.",Neurobiology of Learning and Memory,https://doi.org/10.1016/j.nlm.2015.05.004,https://www.ncbi.nlm.nih.gov/pmc/articles/PMC4530051/pdf/nihms693801.pdf,,,,,,,Olivia,
2015-03-11,journal article,published,Nudging Investors Big and Small Toward Better Decisions,"Newall, P. & Love, B. C.",Decision,https://doi.org/10.1037/dec0000036,http://bradlove.org/papers/Newall_Love2015.pdf,,,,,,,Olivia,
2015-02-01,book chapter,published,"Concepts, Meaning, and Conceptual Relationships","Love, B. C.",The Oxford Handbook of Cognitive Science,https://doi.org/10.1093/oxfordhb/9780199842193.013.12,http://bradlove.org/papers/Love_2015.pdf,S.E. Chipman,,,,,,Olivia,
2014-06-01,journal article,published,Improved Classification of Mammograms Following Idealized Training,"Hornsby, A. N. & Love, B. C.",Journal of Applied Research in Memory and Cognition,https://doi.org/10.1016/j.jarmac.2014.04.009,http://bradlove.org/papers/HornsbyLoveInPress.pdf,,,,,,,,
2014-05-28,journal article,published,Global Neural Pattern Similarity As A Common Basis For Categorization and Recognition Memory,"Davis, T., Xue, G., Love, B. C., Preston, A. R., & Poldrack, R. A.",Journal of Neuroscience,https://doi.org/10.1523/JNEUROSCI.3376-13.2014,http://bradlove.org/papers/Davis_etal_2014.pdf,,,,,,,,
2014-04-25,journal article,published,Physiological and behavioral signatures of reflective exploratory choice,"Otto, A. R., Knox, W. B., Markman, A. B., & Love, B. C.","Cognitive, Affective, & Behavioral Neuroscience",https://doi.org/10.3758/s13415-014-0260-4,http://bradlove.org/papers/Otto_etal_press.pdf,,,,,,,,
2014-04-01,journal article,published,Learning is not decline: The mental lexicon as a window into cognition across the lifespan,"Ramscar, M., Hendrix, P., Love, B. C., & Baayen, H.",The Mental Lexicon,https://doi.org/10.1075/ml.8.3.08ram,http://bradlove.org/papers/ramscar_etal_2013.pdf,,,,,,,,
2013-12-01,journal article,published,The influence of depression symptoms on exploratory decision-making,"Blanco, N. J., Otto, A. R., Maddox, W. T. Maddox, Beevers, C. G., & Love, B. C.",Cognition,https://doi.org/10.1016/j.cognition.2013.08.018,http://bradlove.org/papers/blanco_etal_2013.pdf,,,,,,,,
2013-12-01,book chapter,published,Categorization,"Love, B. C.",Oxford Handbook of Cognitive Neuroscience,https://doi.org/10.1093/oxfordhb/9780199988709.001.0001,http://bradlove.org/papers/Love2013b.pdf,"Ochsner, K.N. & Kosslyn, S.M.",,,,,,,
2013-10-03,journal article,published,Decoding the brain's algorithm for categorization from its nueral implementation,"Mack, M. L., Preston, A. R., & Love, B. C.",Current Biology,https://doi.org/10.1016/j.cub.2013.08.035,http://bradlove.org/papers/mack_etal_2013.pdf,,,,https://osf.io/62rgs/,,,,
2013-08-07,journal article,published,Real-time strategy game training: Emergence of a cognitive flexibility trait,"Glass, B. D., Maddox, W. T., & Love, B. C.",PLOS ONE,https://doi.org/10.1371/journal.pone.0070350,http://www.plosone.org/article/info%3Adoi%2F10.1371%2Fjournal.pone.0070350,,,,,,,,
2013-05-14,journal article,published,Grounding quantum probability in psychological mechanism,"Love, B.C",Behavioral and Brain Sciences,http://doi.org/10.1017/S0140525X12003147,https://github.com/lovebc/lovebc.github.io/blob/master/_includes/papers/Love2013.pdf,,,,,,,,
2013-04-22,journal article,published,Limits in decision making arise from limits in memory retrieval,"Gigu√®re, G. & Love, B. C.",Proceedings of the National Academy of Sciences (PNAS),https://doi.org/10.1073/pnas.1219674110,http://www.pnas.org/content/early/2013/04/17/1219674110.abstract,,,,,,,,
2013-03-01,book chapter,published,"Category Learning, Computational Perspectives","Love, B. C.",Encyclopedia of the Mind,http://dx.doi.org/10.4135/9781452257044,http://bradlove.org/papers/loveEncyclo.pdf,"Pashler, H.",,,,,,,
2012-12-14,journal article,published,Are Better Examples Beautiful or Are Beautiful Examples Better? Exploring the Relationship Between Beauty and Category Structure,"Sanders, M., Davis, T., & Love, B. C.",Psychonomic Bulletin & Review,https://doi.org/10.3758/s13423-012-0356-1,http://bradlove.org/papers/Sanders_etal_2013.pdf,,,,,,,,
2012-07-04,journal article,published,How humans teach agents,"Knox, W. B., Glass, B. D., Love, B. C., Maddox, W. T., & Stone, P.",International Journal of Social Robotics,https://doi.org/10.1007/s12369-012-0163-x,http://bradlove.org/papers/knox_etal_2012.pdf,,,,,,,,
2012-07-01,journal article,published,Striatal and Hippocampal Entropy and Recognition Signals in Category Learning: Simultaneous Processes Revealed by Model-based fMRI,"Davis, T., Love, B. C., & Preston, A. R.","Journal of Experimental Psychology: Learning, Memory, and Cognition",https://doi.org/10.1037/a0027865,http://bradlove.org/papers/DavisLovePreston2012.pdf,,,,,,,,
2012-05-07,supplemental,published,Age-related Declines in the Fidelity of Newly Acquired Category Representations,"Davis, T., Love, B. C., & Maddox, W. T.",Learning & Memory,https://doi.org/10.1101/lm.024919.111,http://bradlove.org/papers/Davis_etal_pressc_supplement.pdf,,,,,,,,
2012-05-07,journal article,published,Age-related Declines in the Fidelity of Newly Acquired Category Representations,"Davis, T., Love, B. C., & Maddox, W. T.",Learning & Memory,https://doi.org/10.1101/lm.024919.111,http://bradlove.org/papers/DavisLoveMaddox2012.pdf,,,,,,,,
2012-01-31,journal article,published,The Nature of Belief-Directed Exploratory Choice in Human Decision-Making,"Knox, W. B., Otto, A. R., Stone, P., & Love, B. C.",Frontiers in Psychology,https://doi.org/10.3389/fpsyg.2011.00398,http://www.frontiersin.org/cognitive_science/10.3389/fpsyg.2011.00398/abstract,,,,https://osf.io/a2dvm/,,,,
2012-01-01,book chapter,published,Bayesian Learning,"Love, B. C. & Jones, M.",Encyclopedia of the Sciences of Learning,https://doi.org/10.1007/978-1-4419-1428-6_255,http://bradlove.org/papers/LoveJonesPress.pdf,"Seel, N.M.",,,,,,,
2012-01-01,proceedings,published,A Static Model for Predicting Disrupted Network Behaviour,"Dixit, V. V., Alsup, R.M., Waller, S. T., Love, B. C., & Tomlinson, M. T.",Proceedings of the 17th International Conference of Hong Kong Society for Transportation Studies,,http://discovery.ucl.ac.uk/1427158/,"Mak, H.Y., & Lo, H.L.",,,,,,,
2011-08-25,journal article,published,Bayesian Fundamentalism or Enlightenment? On the Explanatory Status and Theoretical Contributions of Bayesian Models of Cognition,"Jones, M. & Love, B. C.",Behavioral and Brain Sciences,https://doi.org/10.1017/S0140525X10003134,http://bradlove.org/papers/JonesLove2011all.pdf,,,,,,,,
2011-08-25,journal article,published,Pinning Down the Theoretical Commitments of Bayesian Cognitive Models,"Jones, M. & Love, B. C.",Behavioral and Brain Sciences,https://doi.org/10.1017/S0140525X11001439,http://bradlove.org/papers/JonesLoveInPressB.pdf,,,,,,,,
2011-06-10,journal article,published,Learning the Exception to the Rule: Model-Based fMRI Reveals Specialized Representations for Surprising Category Members,"Davis, T., Love, B. C., & Preston, A. R.",Cerebral Cortex,https://doi.org/10.1093/cercor/bhr036,http://bradlove.org/papers/Davis_etal_2012.pdf,,,,,,,,
2011-06-08,journal article,published,"Taking More, Now: The Optimality of Impulsive Choice Hinges on Environment Structure","Otto, A. R., Markman, A. B., & Love, B. C.",Social Psychological and Personality Science,https://doi.org/10.1177/1948550611411311,http://bradlove.org/papers/otto_etal_2012.pdf,,,,,,,,
2011-02-01,journal article,published,Structural Priming as Structure-Mapping: ChildrenUse Analogies From Previous Utterances to GuideSentence Production,"Goldwater, M. B., Tomlinson, M. T., Echols, C.H., & Love, B. C.",Cognitive Science,https://doi.org/10.1111/j.1551-6709.2010.01150.x,http://bradlove.org/papers/Goldwater_etal_2011.pdf,,,,,,,,
2010-12-04,journal article,published,When Learning to Classify by Relations Is Easier than by Features,"Tomlinson, M. T. & Love, B. C.",Thinking and Reasoning,https://doi.org/10.1080/13546783.2010.530464,http://bradlove.org/papers/TomlinsonLove2010.pdf,,,,,,,,
2010-11-09,journal article,published,Towards a unified account of supervised and unsupervised learning,"Gureckis, T. M. & Love, B. C.",Journal of Experimental and Theoretical Artifical Intelligence,https://doi.org/10.1080/09528130210166097,http://bradlove.org/papers/gureckis_love_2003a.pdf,,,,,,,seb,
2010-05-01,book chapter,published,Mechanistic Models of Associative and Rule-Based Category Learning,"Love, B. C. & Tomlinson, M. T.",The Making of Human Concepts,https://doi.org/10.1093/acprof:oso/9780199549221.003.04,http://bradlove.org/papers/LoveTomlinson2009.pdf,,,,,,,,
2010-05-01,journal article,published,Regulatory Fit and Systematic Exploration in a Dynamic Decision-Making Environment,"Otto, A. R., Markman, A. B., Gureckis,T. M., & Love, B. C.","Journal of Experimental Psychology: Learning, Memory, and Cognition",https://doi.org/10.1037/a0018999,http://bradlove.org/papers/otto_markman_gureckis_love.pdf,,,,,,,,
2003-09-01,journal article,published,CAB: Connectionist analogy builder,"Larkey, L. B. & Love, B. C.",Cognitive Science,https://doi.org/10.1207/s15516709cog2705_5,http://bradlove.org/papers/larkey_love_2003.pdf,,,,,,,seb,
1998-03-01,journal article,published,Feature centrality and conceptual coherence,"Sloman, S. A., Love, B. C., & Ahn, W. K.",Cognitive Science,https://doi.org/10.1207/s15516709cog2202_2,http://bradlove.org/papers/sloman_etal_1998.pdf,,,,,,,seb,
2010-02-01,journal article,published,You Don't Want To Know What You're Missing: When Information about Forgone Rewards Impedes Dynamic Decision Making,"Otto, A. R. and Love, B. C.",Judgement and Decision Making,https://doi.org/10.3389/conf.fnins.2010.01.00013,http://bradlove.org/papers/otto_love.pdf,,,,,,,,
2010-01-18,journal article,published,Common mechanisms in infant and adult category learning,"Gureckis, T. M. & Love, B. C.",Infancy,https://doi.org/10.1207/s15327078in0502_4,http://bradlove.org/papers/gureckis_love_2004.pdf,,,,,,,seb,
2010-01-07,journal article,published,Direct Associations or Internal Transformations? Exploring the Mechanisms Underlying Sequential Learning Behavior,"Gureckis, T. M. and Love, B. C.",Cognitive Science,https://doi.org/10.1111/j.1551-6709.2009.01076.x,http://bradlove.org/papers/GureckisLove2010.pdf,,,,,,,,
2010-01-01,proceedings,published,Selective Attention by Structural Alignment: An Eyetracking Study,"Hoffman, A. B., Love, B. C., & Markman, A. B.",Proceedings of the Annual Meeting of Cognitive Science Society,https://escholarship.org/uc/item/2w3479gv,http://bradlove.org/papers/Hoffman_etal_2010.pdf,,,,,,,,
2010-01-01,journal article,published,Learning and Retention through Predictive Inference and Classification,"Sakamoto, Y. & Love, B. C.",Journal of Experimental Psychology: Applied,https://doi.org/10.1037/a0021610,http://bradlove.org/papers/SakamotoLove2010.pdf,,,,,,,,
2009-12-22,journal article,published,Memory for Category Information Is Idealized through Contrast with Competing Options,"Davis, T. & Love, B. C.",Psychological Science,https://doi.org/10.1177/0956797609357712,http://bradlove.org/papers/DavisLove2010.pdf,,,,,,,,
2009-12-01,journal article,published,"Short-Term Gains, Long-Term Pains: How Cues about State Aid Learning in Dynamic Environments","Gureckis, T. M. & Love, B. C.",Cognition,https://doi.org/10.1016/j.cognition.2009.03.013,http://bradlove.org/papers/GureckisLove2009b.pdf,,,,,,,,
2009-07-29,proceedings,published,When Things Get Worse before They Get Better: Regulatory Fit and Average- Reward Learning in a Dynamic Decision-Making Environment,"Otto, A. R., Markman, A. B., Love, B. C., & Gureckis,T. M.",Proceedings of the Annual Meeting of Cognitive Science Society,https://escholarship.org/uc/item/4969455q#author,http://bradlove.org/papers/otto_etal_2009.pdf,,,,,,,,
2009-07-01,journal article,published,Anticipatory Emotions in Decision Tasks: Covert Markers of Value or Attentional Processes?,"Davis, T., Love, B. C., & Maddox, W. T.",Cognition,https://doi.org/10.1016/j.cognition.2009.04.002,http://bradlove.org/papers/Davis_etal_2009b.pdf,,,,,,,,
2009-06-01,journal article,published,Learning in Noise: Dynamic Decision-Making in a Variable Environment,"Gureckis, T. M. & Love, B. C.",Journal of Mathematical Psychology,https://doi.org/10.1016/j.jmp.2009.02.004,http://bradlove.org/papers/GureckisLove2009.pdf,,,,,,,,
2009-05-21,journal article,published,Navigating through Abstract Decision Spaces: Evaluating the Role of State Generalization in a Dynamic Decision-Making Task,"Otto, A. R., Gureckis,T. M., Markman, A. B., & Love, B. C.",Psychonomic Bulletin & Review,https://doi.org/10.3758/PBR.16.5.957,http://bradlove.org/papers/otto_etal_2009b.pdf,,,,,,,,
2009-04-08,proceedings,published,Learning to Predict Information Needs: Context-Aware Display as a Cognitive Aid and an Assessment Tool,"Love, B. C., Jones, M., Tomlinson, M. T., & Howe, M.",Proceedings of the SIGCHI Conference on Human Factors in Computing Systems,https://dl.acm.org/citation.cfm?id=1518905,http://bradlove.org/papers/chi2009.pdf,,,,,,,,
2009-04-08,proceedings,published,Predicting Information Needs: Adaptive Display in Dynamic Environments,"Love, B. C., Jones, M., Tomlinson, M. T., & Howe, M.",Proceedings of the Cognitive Science Society,https://doi.org/10.1145/1518701.1518905,http://bradlove.org/papers/love_etal_2008b.pdf,,,,,,,,
2008-12-18,journal article,published,Two Pathways to Stimulus Encoding in Category Learning?,"Davis, T. and Love, B. C., & Maddox, W. T.",Memory & Cognition,https://doi.org/10.3758/MC.37.4.394,http://bradlove.org/papers/Davis_etal_2009.pdf,,,,,,,,
2008-07-23,proceedings,published,How Goals Shape Category Acquisition: The Role of Contrasting Categories,"Davis, T. & Love, B. C.",Proceedings of the Cognitive Science Society,https://escholarship.org/uc/item/3w32n871#author,http://bradlove.org/papers/DavisLove2008.pdf,,,,,,,,
2008-05-10,book chapter,published,The concrete substrates of abstract rule use,"Love, B. C., Tomlinson, M., & Gureckis, T. M.",The Psychology of Learning and Motivation,https://doi.org/10.1016/S0079-7421(08)00005-4,http://bradlove.org/papers/Love_etal_2008.pdf,B.H. Ross,,,,,,,
2008-05-01,journal article,published,"Monkey See, Monkey Do: Learning Relations through Concrete Examples","Tomlinson, M. T. & Love, B. C.",Behavioral and Brain Sciences,https://doi.org/10.1017/S0140525X08003762,http://bradlove.org/papers/TomlinsonLove2008.pdf,,,,,,,,
2008-05-01,journal article,published,When more is less: Feedback effects in perceptual category learning,"Maddox, W. T., Love, B. C., Glass, B. D., & Filoteo, J. V.",Cognition,https://doi.org/10.1016/j.cognition.2008.03.010,http://bradlove.org/papers/maddox_etal_2008.pdf,,,,,,,,
2008-04-11,journal article,published,Putting the Psychology Back into Psychological Models: Mechanistic versus Rational Approaches,"Sakamoto, Y., Jones, M., & Love, B. C.",Memory & Cognition,https://doi.org/10.3758/MC.36.6.1057,http://bradlove.org/papers/sakamoto_etal_2008.pdf,,,,,,,,
2007-08-01,proceedings,published,Feature Relations and Feature Salience in Natural Categories,"Rein, J. R., Love, B. C., & Markman, A. B.",Procedings of the Twenty-Ninth National Conference on Artificial Intelligence,https://escholarship.org/uc/item/28j5h1dv,http://bradlove.org/papers/Rein_etal_2007.pdf,,,,,,,,
2007-08-01,proceedings,published,Relation-Based Categories Are Easier to Learn than Feature-Based Categories,"Tomlinson, M. & Love, B. C.",Procedings of the Twenty-Ninth National Conference on Artificial Intelligence,https://escholarship.org/uc/item/1wr960mf#author,http://bradlove.org/papers/TomlinsonLove2007.pdf,,,,,,,,
2007-08-01,proceedings,published,Translating From Perceptual to Cognitive Coding,"Davis, T., Love, B. C., & Maddox, W. T.",Procedings of the Twenty-Ninth National Conference on Artificial Intelligence,https://escholarship.org/uc/item/78c5c1js,http://bradlove.org/papers/DavisLove2007.pdf,,,,,,,,
2007-08-01,proceedings,published,Behaviorism Reborn? Statistical Learning as Simple Conditioning,"Gureckis, T. M. & Love, B. C.",Procedings of the Twenty-Ninth National Conference on Artificial Intelligence,https://escholarship.org/uc/item/66f7d1qc,http://bradlove.org/papers/GureckisLove2007.pdf,,,,,,,,
2006-10-04,journal article,published,Models in Search of a Brain,"Love, B. C. & Gureckis, T. M.","Cognitive, affective & behavioral neuroscience",https://doi.org/10.3758/CABN.7.2.90,http://bradlove.org/papers/LoveGureckis_2007.pdf,,,,,,,,
2006-07-01,proceedings,published,Learning Abstract Relations Through Analogy to Concrete Exemplars,"Tomlinson, M. T. & Love, B. C.",Procedings of the Twenty-Eighth National Conference on Artificial Intelligence,https://escholarship.org/uc/item/9m46t98s#author,http://bradlove.org/papers/TomlinsonLove_2006.pdf,,,,,,,,
2006-07-01,proceedings,published,The Role of Similarity in Generalization,"Davis, T., Love, B. C., & Maddox, W. T.",Procedings of the Twenty-Eighth National Conference on Artificial Intelligence,https://escholarship.org/uc/item/55h1h1bq#author,http://bradlove.org/papers/Jones_etal_2006b.pdf,,,,,,,,
2006-07-01,proceedings,published,Tracking Variability in Learning: Contrasting Statistical and Similarity-Based Accounts,"Gureckis, T. M. & Love, B. C.",Procedings of the Twenty-Eighth National Conference on Artificial Intelligence,https://escholarship.org/uc/item/4691x7tk#author,http://bradlove.org/papers/Sakamoto_etal_2006.pdf,,,,,,,,
2006-07-01,proceedings,published,Sizable Sharks Swim Swiftly: Learning Correlations through Inference in a Classroom Setting,"Sakamoto, Y. & Love, B. C.",Procedings of the Twenty-Eighth National Conference on Artificial Intelligence,https://escholarship.org/uc/item/3r39d73m#author,http://bradlove.org/papers/SakamotoLove_2006.pdf,,,,,,,,
2006-07-01,proceedings,published,Bridging Levels: Using a Cognitive Model to Connect Brain and Behavior in Category Learning,"Gureckis,T. M. & Love, B. C.",Procedings of the Twenty-Eighth National Conference on Artificial Intelligence,https://escholarship.org/uc/item/2c0083wk#author,http://bradlove.org/papers/GureckisLove_2006.pdf,,,,,,,,
2006-06-01,proceedings,published,From Pigeons to Humans: Grounding Relational Learning in Concrete Examples,"Tomlinson, M. T. & Love, B. C.",Proceding of the Twenty-First AAAI Conference on Artificial Inteligence,,http://bradlove.org/papers/TomlinsonLove2006.pdf,,,,,,,,
2006-06-01,journal article,published,"Vancouver, Toronto, Montreal, Austin: Enhanced Oddball Memory through Differentiation, Not Isolation","Sakamoto, Y. & Love, B. C.",Psychonomic Bulletin & Review,https://link.springer.com/article/10.3758/BF03193872,http://bradlove.org/papers/SakamotoLove2006.pdf,,,,,,,,
2006-03-01,journal article,published,Recency Effects as a Window to Generalization: Separating Decisional and Perceptual Sequential Effects in Category Learning,"Jones, M., Love, B. C., & Maddox, W. T.","Journal of Experimental Psychology: Learning, Memory, and Cognition",https://doi.org/10.1037/0278-7393.32.3.316,http://bradlove.org/papers/jones_etal_2006.pdf,,,,,,,,
2005-08-01,journal article,published,Environment and Goals Jointly Direct Category Acquisition,"Love, B. C.",Current Directions in Psychological Science,https://doi.org/10.1111/j.0963-7214.2005.00363.x,http://bradlove.org/papers/love2005.pdf,,,,,,,,
2004-12-01,journal article,published,Schematic Influences on Category Learning and Recognition Memory,"Sakamoto, Y. & Love, B. C.",Journal of Experimental Psychology: General,https://www.ncbi.nlm.nih.gov/pubmed/15584805,http://bradlove.org/papers/sakamoto_love_2004b.pdf,,,,,,,,
2004-07-30,proceedings,published,Dimension-wide vs. exemplar-specific attention in category learning and recognition,"Sakamoto, Y., Matuska, T., & Love, B. C.",Proceedings of the International Conference of Cognitive Modeling,https://iccm-conference.neocities.org/2004/proceedings/papers/Sakamoto.pdf,http://bradlove.org/papers/sakamoto_etal_2004.pdf,"M. Lovett, C. Schunn, C. Lebiere, and P. Munro",,,,,,seb,
2004-04-01,journal article,published,SUSTAIN: A network model of category learning,"Love, B. C., Medin, D. L., & Gureckis, T. M.",Psychological Review,http://dx.doi.org/10.1037/0033-295X.111.2.309,http://bradlove.org/papers/love_etal_2004.pdf,,,,,,,seb,
2004-01-01,proceedings,published,The hippocampus: Where a cognitive model meets cognitive neuroscience,"Love, B. C. & Gureckis, T. M.",Proceedings of the Twenty-Sixth Annual Conference of the Cognitive Science Society,https://escholarship.org/uc/item/2582w1nn,http://bradlove.org/papers/love_gureckis_2004.pdf,,,,,,,seb,
2004-01-01,proceedings,published,Type/token information in category learning and recognition,"Sakamoto, Y. & Love, B. C.",Proceedings of the Twenty-Sixth Annual Conference of the Cognitive Science Society,https://escholarship.org/uc/item/0s16j64f,http://bradlove.org/papers/sakamoto_love_2004.pdf,,,,,,,seb,
2004-01-01,proceedings,published,Beyond common features: The role of roles in determining similarity,"Jones, M. & Love, B. C.",Proceedings of the Twenty-Sixth Annual Conference of the Cognitive Science Society,https://escholarship.org/uc/item/4t0327jt,http://bradlove.org/papers/jones_love_2004.pdf,,,,,,,seb,
2003-09-22,book chapter,published,Concept learning,"Love, B. C.",The Encyclopedia of Cognitive Science,https://doi.org/10.1002/0470018860.s00499,http://bradlove.org/papers/love_2002b.pdf,L. Nadel,,,,,,seb,
2003-08-01,journal article,published,Human unsupervised and supervised learning as a quantitative distinction,"Gureckis, T. M. & Love, B. C.",nternational Journal of Pattern Recognition and Artificial Intelligence,https://doi.org/10.1142/S0218001403002587,http://bradlove.org/papers/gureckis_love_2003b.pdf,,,,,,,seb,
2003-07-01,journal article,published,The nonindependence of stimulus properties in human category learning,"Love, B. C. & Markman, A. B.",Memory & Cognition,https://doi.org/10.3758/BF03196117,http://bradlove.org/papers/love_markman_2003.pdf,,,,,,,seb,
2003-03-01,journal article,published,The multifaceted nature of unsupervised category learning,"Love, B. C.",Psychonomic Bulletin & Review,https://doi.org/10.3758/BF03196484,http://bradlove.org/papers/love_2003.pdf,,,,,,,seb,
2003-01-01,proceedings,published,Category structure and recognition memory,"Sakamoto, Y. & Love, B. C.",Proceedings of the Twenty-Fifth Annual Conference of the Cognitive Science Society,https://escholarship.org/uc/item/480737wf,http://bradlove.org/papers/sakamoto_love_2003.pdf,,,,,,,seb,
2002-12-01,journal article,published,Comparing supervised and unsupervised category learning,"Love, B. C.",Psychonomic Bulletin & Review,https://doi.org/10.3758/BF03196342,http://bradlove.org/papers/love_2002.pdf,,,,,,,seb,
2002-08-20,journal article,published,Three deadly sins of category learning modelers,"Love, B. C.",Behavioral and Brain Sciences,https://doi.org/10.1017/S0140525X01510080,http://bradlove.org/papers/love_2002c.pdf,,,,,,,seb,
2002-08-10,proceedings,published,"Who says models can only do what you tell them? Unsupervised category learning data, fits, and predictions","Gureckis, T. M. & Love, B. C.",Proceedings of the Twenty-Fourth Annual Conference of the Cognitive Science Society,https://mindmodeling.org/cogscihistorical/cogsci_24.pdf#page=433,http://bradlove.org/papers/cogsci2002unsuppredict.pdf,,,,,,,seb,
2002-06-01,journal article,published,Similarity and Categorization: A review,"Love, B. C.",AI Magazine,http://www.aaai.org/ojs/index.php/aimagazine/article/viewFile/1647/1545,http://bradlove.org/papers/love_2002d.pdf,,,,,,,seb,
2002-05-28,journal article,published,Learning Nonlinearly Separable Categories by Inference and Classification,"Yamauchi, T., Love, B. C., & Markman, A. B.","Journal of Experimental Psychology: Learning, Memory, and Cognition",https://doi.org/10.1037/0278-7393.28.3.585,http://bradlove.org/papers/yamauchi_etal_2002.pdf,,,,,,,seb,
1999-05-25,journal article,published,A structural account of global and local processing,"Love, B. C., Rouder, J. N., & Wisniewski, E. J.",Cognitive Psychology,https://doi.org/10.1006/cogp.1998.0697,http://bradlove.org/papers/love_etal_1999.pdf,,,,,,,Brad,
1998-02-01,journal article,published,Relations versus properties in conceptual combination,"Wisniewski, E. J. & Love, B. C.",Journal of Memory and Language,https://doi.org/10.1006/jmla.1997.2550,http://bradlove.org/papers/wisniewski_love_1998.pdf,,,,,,,seb,
2002-05-16,proceedings,published,Modeling unsupervised learning with SUSTAIN,"Gureckis, T. M. & Love, B. C.",Proceedings of the 15th international Florida artificial intelligence research society conference,https://www.aaai.org/Papers/FLAIRS/2002/FLAIRS02-033.pdf,http://bradlove.org/papers/FLAIRS_gureckis_love.pdf,S. Haller & G. Simmons,,,,,,seb,
2001-11-06,journal article,published,Uncovering analogy,"Love, B. C.",Trends in Cognitive Sciences,https://doi.org/10.1016/S1364-6613(00)01747-2,http://bradlove.org/papers/love_2001.pdf,,,,,,,seb,
2000-08-15,proceedings,published,Learning at different levels of abstraction,"Love, B. C.",Proceedings of the Twenty-Second Annual Conference of the Cognitive Science Society,https://mindmodeling.org/cogscihistorical/cogsci_22.pdf#page=824,http://bradlove.org/papers/love_2000b.pdf,,,,,,,seb,
2000-08-15,proceedings,published,A computational level theory of similarity,"Love, B. C.",Proceedings of the Twenty-Second Annual Conference of the Cognitive Science Society,https://mindmodeling.org/cogscihistorical/cogsci_22.pdf#page=340,http://bradlove.org/papers/love_2000.pdf,,,,,,,seb,
2000-08-03,proceedings,published,Modeling classification and inference learning,"Love, B. C., Markman, A. B., & Yamauchi, T.",Seventeenth National Conference on Artificial Intelligence (AAAI-2000),http://www.aaai.org/Library/AAAI/2000/aaai00-021.php,http://bradlove.org/papers/love_etal_2000.pdf,,,,,,,seb,
1999-07-01,proceedings,published,Utilizing time: Asynchronous Binding,"Love, B. C.",Advances in Neural Information Processing Systems 11,http://papers.nips.cc/paper/1628-utilizing-lime-asynchronous-binding.pdf,http://bradlove.org/papers/love_1999.pdf,"M.J. Kearns, S. A. Solla and D.A. Cohn.",,,,,,seb,
1998-08-04,proceedings,published,Modeling item and category learning,"Love, B. C. & Medin, D. L.",Proceedings of the Twentieth Annual Conference of the Cognitive Science Society,https://mindmodeling.org/cogscihistorical/cogsci_20.pdf#page=659,http://bradlove.org/papers/love_medin_1998b.pdf,,,,,,,seb,
1998-07-30,proceedings,published,SUSTAIN: A model of human category learning,"Love, B. C. & Medin, D. L.",Proceedings of the Fifteenth National Conference on Artificial Intelligence (AAAI-98),https://www.aaai.org/Library/AAAI/1998/aaai98-095.php,http://bradlove.org/papers/love_medin_1998.pdf,,,,,,,seb,
1996-07-15,proceedings,published,"Mutability, conceptual transformation, and context","Love, B. C.",Proceedings of the Eighteenth Annual Conference of the Cognitive Science Society,https://mindmodeling.org/cogscihistorical/cogsci_18.pdf#page=485,http://bradlove.org/papers/love_1996.pdf,,,,,,,seb,
1995-07-25,proceedings,published,Mutability and the determinants of conceptual transformability,"Love, B. C. & Sloman, S. A.",Proceedings of the Seventeenth Annual Conference of the Cognitive Science Society,https://mindmodeling.org/cogscihistorical/cogsci_17.pdf#page=674,http://bradlove.org/papers/love_sloman_1995.pdf,,,,,,,seb,
2014-12-08,proceedings,published,Optimal Teaching for Limited-Capacity Human Learners,"Patil, K. R., Zhu, J., Kopeƒá, ≈Å., & Love, B. C. ",Advances in Neural Information Processing Systems 27,http://papers.nips.cc/paper/5541-optimal-teaching-for-limited-capacity-human-learners,http://papers.nips.cc/paper/5541-optimal-teaching-for-limited-capacity-human-learners.pdf,,,,,,,,
2006-02-01,proceedings,published,The Emergence of Multiple Learning Systems ,"Love, B. C. & Jones, M",Proceedings of the Annual Conference of the Cognitive Science Society,http://citeseerx.ist.psu.edu/viewdoc/download;jsessionid=176C19B9CD4625BB56A08DE57D29E945?doi=10.1.1.136.4280&rep=rep1&type=pdf,http://citeseerx.ist.psu.edu/viewdoc/download;jsessionid=176C19B9CD4625BB56A08DE57D29E945?doi=10.1.1.136.4280&rep=rep1&type=pdf,,,,,,,Brad,
